Target,Analog,Sigma Distance
AL_Autauga,TX_Burleson,0.32245
AL_Autauga,TX_Brazos,0.3366
AL_Autauga,TX_Caldwell,0.14084
AL_Autauga,TX_Bastrop,0.11629
AL_Autauga,TX_Fayette,0.56656
AL_Barbour,TX_Guadalupe,0.16231
AL_Barbour,TX_Washington,0.322
AL_Barbour,TX_Fayette,0.28779
AL_Barbour,TX_Gonzales,0.30311
AL_Barbour,TX_Wilson,0.24161
AL_Barbour,TX_Frio,0.52132
AL_Bullock,TX_Washington,0.42679
AL_Bullock,TX_Gonzales,0.21771
AL_Bullock,TX_Fayette,0.33409
AL_Bullock,TX_Guadalupe,0.07289
AL_Chilton,TX_Brazos,0.05571
AL_Chilton,TX_Caldwell,0.09163
AL_Chilton,TX_Burleson,0.19585
AL_Covington,TX_Colorado,0.2461
AL_Covington,TX_Fayette,0.29413
AL_Covington,TX_Gonzales,0.29971
AL_Covington,TX_Wilson,0.374
AL_Covington,TX_Washington,0.44916
AL_Covington,TX_Lavaca,0.13849
AL_Covington,TX_Guadalupe,0.34173
AL_Covington,TX_Frio,0.58727
AL_Geneva,TX_Wilson,0.20859
AL_Geneva,TX_Atascosa,0.10868
AL_Geneva,TX_Frio,0.20761
AL_Geneva,TX_Lavaca,0.21086
AL_Geneva,TX_Colorado,0.27658
AL_Geneva,TX_Gonzales,0.33479
AL_Geneva,TX_Maverick,0.46344
AL_Houston,TX_Atascosa,0.0974
AL_Houston,TX_Maverick,0.27388
AL_Houston,TX_Frio,0.24467
AL_Houston,TX_Wilson,0.32378
AL_Houston,TX_Bexar,0.16201
AL_Houston,TX_Lavaca,0.38176
AL_Houston,TX_Fayette,0.45255
AL_Mobile,TX_Lavaca,0.6082
AL_Mobile,TX_Atascosa,0.83195
AL_Mobile,TX_Fort Bend,0.50079
AL_Mobile,TX_Wilson,0.5374
AL_Mobile,TX_Colorado,0.66638
AL_Pike,TX_Bexar,0.0763
AL_Pike,TX_Wilson,0.15407
AL_Pike,TX_Colorado,0.18539
AL_Pike,TX_Fayette,0.23309
AL_Pike,TX_Washington,0.24799
AL_Pike,TX_Gonzales,0.12725
AL_Pike,TX_Guadalupe,0.12809
AL_Pike,TX_Caldwell,0.19322
AL_Pike,TX_Frio,0.29823
AR_Bradley,TX_Bastrop,0.55781
AR_Bradley,TX_Brazos,0.56821
AR_Bradley,TX_Burleson,0.57755
AR_Bradley,TX_Milam,0.61023
AR_Bradley,TX_Bell,0.30671
AR_Bradley,TX_Washington,0.60866
AR_Chicot,TX_Guadalupe,0.55577
AR_Chicot,TX_Wilson,0.79173
AR_Chicot,TX_Fayette,0.84818
AR_Chicot,TX_Travis,0.67725
AR_Chicot,TX_Bexar,0.81983
AR_Chicot,TX_Bastrop,0.87382
AR_Chicot,TX_Caldwell,0.73112
AR_Chicot,TX_Gonzales,0.87565
AR_Chicot,TX_Frio,0.9565
AR_Conway,TX_Ellis,0.48747
AR_Conway,TX_Collin,0.30738
AR_Conway,TX_Hunt,0.33724
AR_Cross,TX_Ellis,1.20843
AR_Cross,TX_Bell,1.04629
AR_Jefferson,TX_Travis,0.81886
AR_Jefferson,TX_Bastrop,0.85333
AR_Jefferson,TX_Guadalupe,0.94308
AR_Jefferson,TX_Milam,0.88264
AR_Jefferson,TX_Williamson,0.93238
AR_Jefferson,TX_Caldwell,0.73664
AR_Jefferson,TX_Bell,1.00192
AR_Little River,TX_Brazos,0.84203
AR_Little River,TX_Washington,0.87827
AR_Little River,TX_Fayette,0.96159
AR_Little River,TX_Burleson,0.61764
AR_Little River,TX_Bastrop,0.68456
AR_Lonoke,TX_Williamson,0.81414
AR_Lonoke,TX_Milam,0.8612
AR_Lonoke,TX_Travis,0.87659
AR_Lonoke,TX_Ellis,0.70371
AR_Lonoke,TX_Bell,0.92255
AR_Miller,TX_Wilson,0.62414
AR_Miller,TX_Fayette,0.64781
AR_Miller,TX_Brazos,0.378
AR_Miller,TX_Gonzales,0.61342
AR_Miller,TX_Guadalupe,0.64436
AR_Miller,TX_Bexar,0.50028
AR_Miller,TX_Bastrop,0.6419
AR_Miller,TX_Frio,0.78766
AR_Phillips,TX_Williamson,1.00156
AR_Phillips,TX_Milam,1.0387
AR_Phillips,TX_Travis,1.00159
AR_Phillips,TX_Bell,1.11843
AR_Phillips,TX_Bastrop,1.25386
AR_Phillips,TX_Guadalupe,1.27931
AZ_Cochise,TX_Uvalde,1.53813
AZ_Cochise,TX_Midland,1.23882
AZ_Graham,TX_Midland,0.44177
CA_Alameda,CA_Contra Costa,1.85
CA_Alameda,CA_Los Angeles,1.96
CA_Alameda,CA_Solano,1.95
CA_Alameda,CA_Alameda,1.8
CA_Alameda,CA_Stanislaus,1.96
CA_Alameda,CA_San Diego,1.01966
CA_Alameda,CA_Ventura,1.02462
CA_Amador,CA_San Bernardino,1.82
CA_Amador,CA_Kern,1.84
CA_Amador,CA_Riverside,1.66228
CA_Amador,CA_Tulare,1.59049
CA_Amador,CA_Kings,1.50553
CA_Butte,CA_Kern,1.87
CA_Butte,CA_Riverside,1.83
CA_Butte,CA_San Bernardino,1.7259
CA_Butte,CA_Tulare,1.64039
CA_Butte,CA_Kings,1.50181
CA_Calaveras,CA_Tulare,1.41596
CA_Calaveras,CA_Kern,1.77293
CA_Calaveras,CA_Riverside,1.75226
CA_Calaveras,CA_San Bernardino,1.31086
CA_Calaveras,CA_Kings,1.00799
CA_Calaveras,CA_Tehama,0.98897
CA_Colusa,CA_Kern,1.71128
CA_Colusa,CA_San Bernardino,1.16304
CA_Colusa,CA_Riverside,1.13152
CA_Colusa,CA_Tulare,1.24999
CA_Colusa,CA_Kings,1.29503
CA_Colusa,CA_Fresno,1.26503
CA_Contra Costa,CA_Fresno,1.85
CA_Contra Costa,CA_Tulare,1.83
CA_Contra Costa,CA_Merced,1.77336
CA_Contra Costa,CA_Stanislaus,1.2954
CA_Contra Costa,CA_Riverside,0.96168
CA_Contra Costa,CA_Kern,1.67522
CA_El Dorado,CA_Shasta,0.56303
CA_El Dorado,CA_Nevada,0.5021
CA_El Dorado,CA_Calaveras,0.59922
CA_El Dorado,CA_Placer,0.58571
CA_El Dorado,CA_Glenn,0.75039
CA_El Dorado,CA_Tehama,0.76956
CA_Fresno,CA_San Bernardino,1.49292
CA_Fresno,CA_Riverside,1.17392
CA_Fresno,CA_Kern,1.29577
CA_Fresno,AZ_Pinal,1.71839
CA_Fresno,CA_Tulare,1.49301
CA_Glenn,CA_Kern,1.82
CA_Glenn,CA_San Bernardino,1.65878
CA_Glenn,CA_Riverside,1.49865
CA_Glenn,CA_Tulare,1.33918
CA_Glenn,CA_Kings,1.15532
CA_Kern,AZ_Pinal,1.83
CA_Kern,CA_San Bernardino,1.81
CA_Kern,AZ_Maricopa,1.86
CA_Kern,CA_Riverside,1.83
CA_Kern,CA_Kern,1.91
CA_Kings,AZ_Maricopa,1.81
CA_Kings,CA_San Bernardino,1.15999
CA_Kings,CA_Riverside,1.20071
CA_Kings,AZ_Pinal,1.38674
CA_Kings,CA_Kern,1.73626
CA_Los Angeles,TX_Travis,1.83
CA_Los Angeles,CA_Riverside,0.19168
CA_Los Angeles,CA_Kern,1.08238
CA_Los Angeles,CA_Tulare,1.18725
CA_Los Angeles,CA_Fresno,1.34283
CA_Los Angeles,CA_Kings,1.38383
CA_Los Angeles,TX_Uvalde,1.79384
CA_Madera,AZ_Pinal,1.83
CA_Madera,CA_San Bernardino,1.50515
CA_Madera,CA_Riverside,1.12254
CA_Madera,CA_Kern,1.28601
CA_Madera,CA_Tulare,1.68371
CA_Marin,CA_Orange,1.8
CA_Marin,CA_Ventura,1.89
CA_Marin,CA_Santa Barbara,1.89
CA_Marin,CA_Marin,1.97
CA_Marin,CA_San Diego,1.99
CA_Mendocino,CA_San Luis Obispo,0.57031
CA_Mendocino,CA_Nevada,1.01201
CA_Mendocino,CA_Solano,0.60364
CA_Mendocino,CA_Sacramento,0.44885
CA_Mendocino,CA_Placer,0.62783
CA_Mendocino,CA_Sutter,0.41727
CA_Mendocino,CA_Yolo,0.37628
CA_Mendocino,CA_Colusa,0.57974
CA_Mendocino,CA_Yuba,0.55613
CA_Merced,CA_Riverside,0.9796
CA_Merced,CA_San Bernardino,1.61398
CA_Merced,CA_Kern,0.95196
CA_Merced,CA_Tulare,1.32234
CA_Merced,CA_Kings,1.19252
CA_Modoc,UT_Weber,0.49291
CA_Modoc,ID_Ada,0.51798
CA_Modoc,ID_Canyon,0.49463
CA_Modoc,UT_Utah,0.22352
CA_Modoc,ID_Payette,0.71397
CA_Monterey,CA_San Benito,1.87
CA_Monterey,CA_Contra Costa,1.88
CA_Monterey,CA_Santa Clara,1.8
CA_Monterey,CA_Ventura,0.3358
CA_Monterey,CA_San Diego,0.91319
CA_Monterey,CA_Alameda,1.76787
CA_Napa,CA_Yuba,0.85788
CA_Napa,CA_Stanislaus,0.97128
CA_Napa,CA_Yolo,0.67305
CA_Napa,CA_Riverside,1.07019
CA_Napa,CA_Sutter,1.20432
CA_Napa,CA_Glenn,1.52562
CA_Napa,CA_Merced,1.69995
CA_Napa,CA_Fresno,1.68041
CA_Napa,CA_Kern,1.39197
CA_Napa,CA_Tulare,1.58541
CA_Nevada,CA_Tulare,1.82
CA_Nevada,CA_Riverside,1.81
CA_Nevada,CA_San Bernardino,1.83
CA_Nevada,CA_Kings,1.85
CA_Nevada,CA_Kern,1.73987
CA_Nevada,CA_Glenn,1.05006
CA_Nevada,CA_Tehama,0.96796
CA_Nevada,CA_Butte,1.13657
CA_Nevada,CA_Yuba,0.78226
CA_Placer,CA_Kern,1.35418
CA_Placer,CA_Riverside,1.78422
CA_Placer,CA_Tulare,1.32937
CA_Placer,CA_San Bernardino,1.64094
CA_Placer,CA_Kings,1.51396
CA_Placer,CA_Fresno,1.66251
CA_Riverside,TX_Zavala,1.82
CA_Riverside,TX_Maverick,1.8
CA_Riverside,AZ_Maricopa,1.8
CA_Riverside,AZ_Pinal,1.76695
CA_Riverside,CA_Imperial,1.71008
CA_Riverside,AZ_Yuma,1.58054
CA_Sacramento,CA_San Bernardino,1.81
CA_Sacramento,CA_Kern,1.61633
CA_Sacramento,CA_Riverside,0.81748
CA_Sacramento,CA_Tulare,1.28158
CA_Sacramento,CA_Kings,1.76882
CA_Sacramento,CA_Fresno,1.11944
CA_San Benito,CA_Sacramento,0.95848
CA_San Benito,CA_San Joaquin,1.17597
CA_San Benito,CA_Solano,0.82838
CA_San Benito,CA_Sutter,1.57886
CA_San Benito,CA_San Diego,1.06595
CA_San Benito,CA_Stanislaus,1.68154
CA_San Benito,CA_Placer,1.76545
CA_San Bernardino,AZ_Pinal,0.33833
CA_San Bernardino,AZ_Maricopa,0.53371
CA_San Bernardino,AZ_Yuma,0.97269
CA_San Diego,CA_Riverside,1.62083
CA_San Joaquin,CA_San Bernardino,1.81
CA_San Joaquin,CA_Kern,1.39939
CA_San Joaquin,CA_Riverside,0.60766
CA_San Joaquin,CA_Tulare,1.07587
CA_San Joaquin,CA_Fresno,1.09781
CA_San Joaquin,CA_Kings,1.21899
CA_San Luis Obispo,CA_Sutter,1.82
CA_San Luis Obispo,CA_Merced,1.87
CA_San Luis Obispo,CA_Colusa,1.63737
CA_San Luis Obispo,CA_Sacramento,1.40174
CA_San Luis Obispo,CA_San Joaquin,1.52028
CA_San Luis Obispo,CA_Riverside,0.79877
CA_San Luis Obispo,CA_Solano,1.58895
CA_Santa Barbara,CA_Orange,1.87
CA_Santa Barbara,CA_Santa Barbara,1.97
CA_Santa Clara,CA_Solano,1.82
CA_Santa Clara,CA_Stanislaus,1.88
CA_Santa Clara,CA_Sacramento,1.88
CA_Santa Clara,CA_San Diego,0.60426
CA_Santa Clara,CA_Los Angeles,1.75291
CA_Santa Clara,CA_Ventura,1.06029
CA_Santa Clara,CA_Contra Costa,1.12986
CA_Shasta,CA_Tehama,0.48715
CA_Shasta,CA_Glenn,0.72266
CA_Shasta,CA_Butte,0.77186
CA_Shasta,CA_Tulare,0.83636
CA_Shasta,CA_Kings,0.82111
CA_Siskiyou,UT_Davis,0.67342
CA_Solano,CA_Tulare,1.81
CA_Solano,CA_Kings,1.83
CA_Solano,CA_Fresno,1.81
CA_Solano,CA_Riverside,0.64046
CA_Solano,CA_Kern,1.42086
CA_Sonoma,CA_Solano,1.9
CA_Sonoma,CA_Napa,1.81
CA_Sonoma,CA_Sacramento,1.92
CA_Sonoma,CA_Los Angeles,1.95
CA_Sonoma,CA_Ventura,0.91117
CA_Sonoma,CA_San Diego,0.67945
CA_Sonoma,CA_Contra Costa,1.75126
CA_Sonoma,CA_Alameda,1.62847
CA_Sonoma,CA_Santa Clara,1.32319
CA_Stanislaus,CA_San Bernardino,1.82
CA_Stanislaus,CA_Riverside,0.79193
CA_Stanislaus,CA_Kern,1.33592
CA_Stanislaus,CA_Tulare,1.34432
CA_Stanislaus,CA_Kings,1.03597
CA_Stanislaus,CA_Fresno,1.35075
CA_Sutter,CA_Kern,1.81
CA_Sutter,CA_Riverside,1.44534
CA_Sutter,CA_San Bernardino,1.60531
CA_Sutter,CA_Tulare,1.22644
CA_Sutter,CA_Kings,1.17732
CA_Tehama,CA_Kern,1.84
CA_Tehama,CA_Riverside,1.84
CA_Tehama,CA_San Bernardino,1.45849
CA_Tehama,CA_Tulare,1.3194
CA_Tehama,CA_Kings,1.39686
CA_Tulare,CA_Riverside,1.82
CA_Tulare,AZ_Maricopa,1.87
CA_Tulare,CA_Kern,1.86
CA_Tulare,TX_Uvalde,1.91
CA_Tulare,CA_San Bernardino,1.43122
CA_Tulare,AZ_Pinal,1.68523
CA_Ventura,CA_Riverside,1.99
CA_Ventura,CA_Ventura,1.92
CA_Ventura,CA_San Diego,1.95
CA_Yolo,CA_Kern,1.679
CA_Yolo,CA_Riverside,1.31635
CA_Yolo,CA_San Bernardino,1.75453
CA_Yolo,CA_Tulare,1.22631
CA_Yolo,CA_Kings,1.03161
CA_Yolo,CA_Fresno,1.21878
CA_Yuba,CA_Kern,1.89
CA_Yuba,CA_Riverside,1.81
CA_Yuba,CA_San Bernardino,1.88
CA_Yuba,CA_Tulare,1.8
CA_Yuba,CA_Kings,1.82
CO_Delta,UT_Davis,1.82
CO_Delta,ID_Canyon,1.68936
CO_Delta,KS_Grant,1.70177
CO_Mesa,NM_Valencia,1.95
CO_Montrose,NM_Valencia,1.88
CO_Montrose,ID_Canyon,1.81
CO_Weld,KS_Grant,0.77977
CT_New Haven,VA_Westmoreland,0.95736
DE_Kent,AR_Lonoke,1.12373
DE_Kent,AR_Jefferson,0.88763
DE_Kent,OK_Bryan,1.34206
DE_Kent,OK_Marshall,1.46954
DE_Sussex,AR_Jefferson,1.06999
DE_Sussex,TX_Grayson,1.23777
DE_Sussex,AR_Lonoke,0.95175
FL_Brevard,TX_Cameron,1.82
FL_Brevard,TX_Hidalgo,1.16392
FL_Brevard,FL_Collier,1.61878
FL_Charlotte,TX_Hidalgo,1.88
FL_Collier,TX_Hidalgo,1.97
FL_Columbia,AZ_Maricopa,1.86
FL_Columbia,TX_Maverick,0.92371
FL_Escambia,TX_Lavaca,0.57802
FL_Escambia,TX_Colorado,0.61455
FL_Escambia,TX_Wilson,0.89416
FL_Escambia,TX_Atascosa,0.95947
FL_Escambia,TX_Fayette,0.8199
FL_Escambia,TX_Frio,1.11649
FL_Gadsden,TX_Maverick,0.44723
FL_Gadsden,TX_Frio,0.48578
FL_Gadsden,TX_Atascosa,0.38734
FL_Gadsden,TX_Lavaca,0.396
FL_Gilchrist,AZ_Yuma,1.88
FL_Gilchrist,TX_Maverick,1.23063
FL_Hamilton,TX_Maverick,0.86515
FL_Hamilton,TX_Frio,0.86779
FL_Hamilton,TX_Atascosa,0.86848
FL_Hardee,TX_Hidalgo,1.81
FL_Hardee,TX_Cameron,1.97
FL_Hendry,TX_Hidalgo,1.88
FL_Hernando,TX_Hidalgo,1.81
FL_Highlands,TX_Hidalgo,1.84
FL_Highlands,TX_Cameron,1.95
FL_Highlands,TX_Willacy,1.89
FL_Hillsborough,TX_Hidalgo,1.9
FL_Indian River,TX_Hidalgo,1.82
FL_Indian River,TX_Cameron,1.93
FL_Indian River,TX_Willacy,1.91
FL_Indian River,FL_Collier,1.86
FL_Jackson,TX_Maverick,0.3982
FL_Jackson,TX_Frio,0.293
FL_Jackson,TX_Atascosa,0.32434
FL_Jackson,TX_Lavaca,0.39703
FL_Jefferson,TX_Maverick,0.85684
FL_Jefferson,TX_Atascosa,0.47248
FL_Jefferson,TX_Frio,0.49531
FL_Lafayette,AZ_Maricopa,1.87
FL_Lafayette,TX_Maverick,0.96766
FL_Lake,TX_Hidalgo,1.81
FL_Lee,TX_Hidalgo,1.99
FL_Manatee,TX_Hidalgo,1.88
FL_Manatee,TX_Willacy,1.92
FL_Marion,AZ_Yuma,1.95
FL_Marion,CA_Imperial,1.96
FL_Marion,TX_Hidalgo,1.38768
FL_Martin,TX_Hidalgo,1.91
FL_Okeechobee,TX_Cameron,1.94
FL_Okeechobee,TX_Willacy,1.89
FL_Okeechobee,TX_Hidalgo,1.77504
FL_Orange,TX_Hidalgo,1.87
FL_Osceola,TX_Willacy,1.89
FL_Osceola,TX_Cameron,1.92
FL_Osceola,TX_Hidalgo,1.71261
FL_Palm Beach,TX_Cameron,1.89
FL_Palm Beach,TX_Hidalgo,1.88
FL_Palm Beach,TX_Willacy,1.95
FL_Palm Beach,FL_Collier,1.98
FL_Pasco,TX_Hidalgo,1.84
FL_Polk,TX_Hidalgo,1.84
FL_Putnam,AZ_Yuma,1.83
FL_Putnam,CA_Imperial,1.83
FL_Putnam,TX_Hidalgo,1.14768
FL_Sarasota,TX_Cameron,1.99
FL_Sarasota,TX_Hidalgo,1.87
FL_Sarasota,TX_Willacy,1.98
FL_Sarasota,FL_Collier,1.98
FL_Seminole,TX_Hidalgo,1.61593
FL_Suwannee,AZ_Yuma,1.86
FL_Suwannee,TX_Maverick,0.93926
FL_Volusia,TX_Hidalgo,1.30252
FL_Walton,TX_Atascosa,0.27049
FL_Walton,TX_Lavaca,0.35819
FL_Walton,TX_Frio,0.39984
FL_Walton,TX_Maverick,0.71614
GA_Appling,TX_Atascosa,0.70055
GA_Appling,TX_Frio,0.74994
GA_Appling,TX_Maverick,1.03511
GA_Atkinson,TX_Atascosa,0.58434
GA_Atkinson,TX_Frio,0.86372
GA_Atkinson,TX_Maverick,0.90651
GA_Bacon,TX_Atascosa,0.59786
GA_Bacon,TX_Frio,0.63739
GA_Ben Hill,TX_Frio,0.48627
GA_Ben Hill,TX_Atascosa,0.42094
GA_Ben Hill,TX_Maverick,0.58582
GA_Ben Hill,TX_Wilson,0.52157
GA_Berrien,TX_Maverick,0.70809
GA_Berrien,TX_Frio,0.46249
GA_Berrien,TX_Atascosa,0.45593
GA_Berrien,TX_Zavala,0.55329
GA_Brooks,TX_Frio,0.53074
GA_Brooks,TX_Maverick,0.43075
GA_Brooks,TX_Atascosa,0.51683
GA_Brooks,TX_Zavala,0.66898
GA_Brooks,AZ_Maricopa,1.75334
GA_Bulloch,TX_Wilson,0.32302
GA_Bulloch,TX_Atascosa,0.43338
GA_Bulloch,TX_Lavaca,0.40459
GA_Bulloch,TX_Bexar,0.36345
GA_Bulloch,TX_Colorado,0.4938
GA_Bulloch,TX_Frio,0.57902
GA_Burke,TX_Washington,0.21014
GA_Burke,TX_Guadalupe,0.07994
GA_Burke,TX_Bastrop,0.14924
GA_Burke,TX_Caldwell,0.26673
GA_Burke,TX_Gonzales,0.08362
GA_Burke,TX_Fayette,0.098
GA_Burke,TX_Wilson,0.42049
GA_Burke,TX_Atascosa,0.46418
GA_Candler,TX_Atascosa,0.46638
GA_Candler,TX_Wilson,0.56204
GA_Candler,TX_Frio,0.49555
GA_Candler,TX_Maverick,0.76088
GA_Candler,TX_Bexar,0.52345
GA_Candler,TX_Colorado,0.60903
GA_Clinch,TX_Atascosa,1.23748
GA_Clinch,TX_Maverick,1.05894
GA_Clinch,TX_Frio,1.20429
GA_Colquitt,TX_Frio,0.2998
GA_Colquitt,TX_Maverick,0.29711
GA_Colquitt,TX_Atascosa,0.26234
GA_Colquitt,TX_Zavala,0.38372
GA_Colquitt,AZ_Maricopa,1.60496
GA_Cook,TX_Frio,0.36446
GA_Cook,TX_Atascosa,0.32961
GA_Cook,TX_Maverick,0.4564
GA_Crisp,TX_Frio,0.45832
GA_Crisp,TX_Atascosa,0.40475
GA_Crisp,TX_Maverick,0.45731
GA_Crisp,TX_Wilson,0.3854
GA_Crisp,TX_Bexar,0.40365
GA_Decatur,TX_Maverick,0.49793
GA_Decatur,TX_Atascosa,0.34334
GA_Decatur,TX_Frio,0.39059
GA_Echols,TX_Frio,1.15447
GA_Echols,TX_Atascosa,1.1717
GA_Echols,TX_Maverick,0.86373
GA_Evans,TX_Frio,0.4894
GA_Evans,TX_Atascosa,0.42373
GA_Evans,TX_Wilson,0.50079
GA_Evans,TX_Maverick,0.37567
GA_Evans,TX_Colorado,0.53261
GA_Evans,TX_Gonzales,0.58581
GA_Grady,TX_Maverick,0.34555
GA_Grady,TX_Frio,0.42131
GA_Grady,TX_Atascosa,0.30539
GA_Houston,TX_Gonzales,0.20797
GA_Houston,TX_Washington,0.36332
GA_Houston,TX_Fayette,0.12468
GA_Houston,TX_Atascosa,0.30037
GA_Houston,TX_Caldwell,0.33988
GA_Houston,TX_Guadalupe,0.34148
GA_Houston,TX_Frio,0.20944
GA_Houston,TX_Wilson,0.26218
GA_Houston,TX_Maverick,0.50951
GA_Jefferson,TX_Guadalupe,0.08563
GA_Jefferson,TX_Bastrop,0.1709
GA_Jefferson,TX_Washington,0.20369
GA_Jefferson,TX_Caldwell,0.1969
GA_Jefferson,TX_Gonzales,0.13068
GA_Jefferson,TX_Madison,0.27038
GA_Jefferson,TX_Wilson,0.27875
GA_Lanier,TX_Maverick,0.64369
GA_Lanier,TX_Frio,0.7649
GA_Lanier,TX_Atascosa,0.63598
GA_Lee,TX_Atascosa,0.24142
GA_Lee,TX_Wilson,0.32337
GA_Lee,TX_Frio,0.38475
GA_Lee,TX_Maverick,0.53968
GA_Lee,TX_Lavaca,0.3393
GA_Lee,TX_Colorado,0.2465
GA_Lee,TX_Gonzales,0.30952
GA_Lee,TX_Zavala,0.36643
GA_Lowndes,TX_Maverick,0.71444
GA_Lowndes,TX_Atascosa,0.77379
GA_Lowndes,TX_Frio,0.71279
GA_Mitchell,TX_Maverick,0.44956
GA_Mitchell,TX_Atascosa,0.38811
GA_Mitchell,TX_Frio,0.44421
GA_Mitchell,TX_Wilson,0.56451
GA_Montgomery,TX_Atascosa,0.54136
GA_Montgomery,TX_Frio,0.55149
GA_Montgomery,TX_Maverick,0.65168
GA_Montgomery,TX_Lavaca,0.50286
GA_Montgomery,TX_Wilson,0.51489
GA_Pierce,TX_Atascosa,1.2165
GA_Pierce,TX_Frio,1.33828
GA_Pulaski,TX_Wilson,0.32699
GA_Pulaski,TX_Frio,0.4843
GA_Pulaski,TX_Gonzales,0.58286
GA_Pulaski,TX_Maverick,0.65027
GA_Pulaski,TX_Atascosa,0.18978
GA_Pulaski,TX_Colorado,0.59356
GA_Pulaski,TX_Fayette,0.60453
GA_Screven,TX_Wilson,0.29307
GA_Screven,TX_Lavaca,0.30887
GA_Screven,TX_Fayette,0.44724
GA_Screven,TX_Atascosa,0.45916
GA_Screven,TX_Gonzales,0.46117
GA_Screven,TX_Bexar,0.16006
GA_Screven,TX_Frio,0.88823
GA_Screven,TX_Washington,0.45408
GA_Screven,TX_Guadalupe,0.48211
GA_Seminole,TX_Maverick,0.82489
GA_Seminole,TX_Atascosa,0.33473
GA_Seminole,TX_Frio,0.41544
GA_Sumter,TX_Frio,0.42068
GA_Sumter,TX_Wilson,0.51931
GA_Sumter,TX_Atascosa,0.25877
GA_Sumter,TX_Colorado,0.4794
GA_Sumter,TX_Fayette,0.52499
GA_Sumter,TX_Guadalupe,0.31642
GA_Sumter,TX_Washington,0.42803
GA_Sumter,TX_Gonzales,0.53276
GA_Sumter,TX_Maverick,0.58442
GA_Tattnall,TX_Atascosa,0.56691
GA_Tattnall,TX_Frio,0.45667
GA_Tattnall,TX_Wilson,0.58094
GA_Tattnall,TX_Lavaca,0.69567
GA_Tattnall,TX_Maverick,0.94727
GA_Tattnall,TX_Colorado,0.72957
GA_Thomas,TX_Maverick,0.38925
GA_Thomas,TX_Atascosa,0.37314
GA_Thomas,TX_Frio,0.44394
GA_Thomas,TX_Zavala,0.47051
GA_Thomas,AZ_Maricopa,1.65381
GA_Tift,TX_Atascosa,0.20763
GA_Tift,TX_Maverick,0.19362
GA_Tift,TX_Frio,0.13545
GA_Tift,TX_Wilson,0.25444
GA_Toombs,TX_Atascosa,0.556
GA_Toombs,TX_Frio,0.51315
GA_Toombs,TX_Wilson,0.54818
GA_Toombs,TX_Lavaca,0.56279
GA_Toombs,TX_Maverick,0.73528
GA_Toombs,TX_Colorado,0.61398
GA_Turner,TX_Maverick,0.2948
GA_Turner,TX_Atascosa,0.12641
GA_Turner,TX_Frio,0.13252
GA_Turner,TX_Wilson,0.29705
GA_Turner,TX_Colorado,0.26386
GA_Turner,TX_Fayette,0.40941
GA_Upson,TX_Caldwell,0.1362
GA_Upson,TX_Brazos,0.08324
GA_Upson,TX_Guadalupe,0.17271
GA_Ware,TX_Atascosa,1.32641
GA_Ware,TX_Frio,1.35016
GA_Warren,TX_Williamson,0.01978
GA_Washington,TX_Guadalupe,0.07594
GA_Washington,TX_Caldwell,0.07921
GA_Washington,TX_Washington,0.11344
GA_Washington,TX_Burleson,0.14328
GA_Washington,TX_Travis,0.18676
GA_Washington,TX_Fayette,0.23374
GA_Washington,TX_Gonzales,0.24469
GA_Wayne,TX_Maverick,1.82
GA_Wayne,TX_Atascosa,1.10878
GA_Wayne,TX_Frio,1.03313
GA_Wilcox,TX_Wilson,0.52907
GA_Wilcox,TX_Maverick,0.66385
GA_Wilcox,TX_Frio,0.76457
GA_Wilcox,TX_Atascosa,0.38959
GA_Wilcox,TX_Fayette,0.67141
GA_Wilcox,TX_Colorado,0.68642
GA_Wilcox,TX_Gonzales,0.68905
GA_Worth,TX_Atascosa,0.24236
GA_Worth,TX_Lavaca,0.34645
GA_Worth,TX_Frio,0.38181
GA_Worth,TX_Maverick,0.4504
GA_Worth,TX_Wilson,0.30987
GA_Worth,TX_Colorado,0.29821
ID_Ada,UT_Davis,1.86
ID_Ada,ID_Canyon,1.85
ID_Ada,ID_Payette,1.85
ID_Bingham,ID_Payette,1.00555
ID_Bingham,ID_Canyon,1.74294
ID_Bingham,ID_Gooding,0.88094
ID_Bingham,ID_Ada,1.1266
ID_Bingham,OR_Malheur,0.06625
ID_Bonneville,ID_Payette,0.82092
ID_Bonneville,ID_Canyon,1.37346
ID_Bonneville,ID_Gooding,1.08947
ID_Bonneville,ID_Ada,1.21915
ID_Bonneville,ID_Washington,1.13551
ID_Butte,ID_Payette,1.48375
ID_Butte,ID_Gooding,1.50926
ID_Butte,ID_Canyon,1.73289
ID_Canyon,UT_Davis,1.85
ID_Canyon,ID_Canyon,1.87
ID_Caribou,ID_Washington,0.38236
ID_Caribou,ID_Gooding,0.944
ID_Caribou,ID_Payette,0.6076
ID_Cassia,ID_Payette,1.26316
ID_Cassia,ID_Canyon,1.49972
ID_Cassia,ID_Ada,0.03883
ID_Cassia,UT_Davis,1.75026
ID_Elmore,ID_Payette,1.15606
ID_Elmore,ID_Gooding,1.01167
ID_Elmore,ID_Washington,0.89066
ID_Elmore,ID_Ada,1.17351
ID_Elmore,ID_Canyon,1.17983
ID_Elmore,OR_Malheur,0.36026
ID_Fremont,OR_Malheur,0.64932
ID_Fremont,ID_Jerome,0.71164
ID_Fremont,UT_Utah,0.57852
ID_Gooding,UT_Davis,1.94
ID_Gooding,CO_Otero,1.97
ID_Gooding,ID_Payette,1.33175
ID_Gooding,ID_Canyon,1.39447
ID_Jefferson,ID_Washington,1.82
ID_Jefferson,ID_Canyon,1.82
ID_Jefferson,ID_Payette,1.11362
ID_Jefferson,ID_Gooding,1.61838
ID_Jefferson,ID_Ada,1.58154
ID_Jefferson,OR_Malheur,0.79851
ID_Jerome,ID_Payette,1.83
ID_Jerome,ID_Canyon,1.27778
ID_Jerome,ID_Ada,0.91045
ID_Madison,OR_Malheur,0.44146
ID_Madison,ID_Washington,0.75562
ID_Madison,ID_Ada,0.73201
ID_Minidoka,ID_Canyon,1.81
ID_Minidoka,ID_Payette,1.4888
ID_Minidoka,ID_Ada,0.06081
ID_Owyhee,ID_Canyon,1.83
ID_Owyhee,ID_Payette,1.84
ID_Owyhee,UT_Davis,1.88
ID_Payette,UT_Davis,1.89
ID_Payette,ID_Canyon,1.89
ID_Payette,ID_Payette,1.85
ID_Power,UT_Davis,1.89
ID_Power,WA_Walla Walla,1.96
ID_Power,ID_Payette,1.39367
ID_Power,ID_Canyon,1.75872
ID_Power,ID_Gooding,0.78632
ID_Power,ID_Ada,0.09531
ID_Twin Falls,ID_Payette,1.83
ID_Twin Falls,WA_Walla Walla,1.84
ID_Twin Falls,ID_Canyon,1.6463
ID_Twin Falls,ID_Ada,0.47459
ID_Washington,UT_Davis,1.9
ID_Washington,ID_Payette,1.86
ID_Washington,UT_Weber,1.85
ID_Washington,ID_Canyon,1.81
IL_White,OK_Muskogee,1.04342
IN_Bartholomew,MO_Dunklin,0.25499
IN_Sullivan,OK_Tulsa,0.16298
KS_Labette,TX_Clay,1.25606
MA_Bristol,VA_Westmoreland,1.85
MA_Bristol,MD_Worcester,1.30662
MA_Middlesex,OR_Jackson,1.69507
MD_Baltimore,MO_Dunklin,0.67621
MD_Caroline,OK_Bryan,1.34781
MD_Caroline,OK_Marshall,1.22862
MD_Caroline,TX_Grayson,1.27337
MD_Caroline,OK_Carter,1.28667
MD_Carroll,MO_Dunklin,1.08462
MD_Harford,MO_Dunklin,0.55204
MD_Washington,MO_Dunklin,1.10563
MD_Wicomico,AR_Jefferson,0.61642
MD_Wicomico,TX_Grayson,0.95643
MD_Wicomico,TX_Collin,0.87259
MD_Worcester,AR_Jefferson,0.81436
MD_Worcester,AR_Lonoke,0.14737
ME_Aroostook,MI_Saginaw,0.91047
ME_Cumberland,OR_Jackson,0.41568
ME_Penobscot,OR_Jackson,0.94007
ME_York,OR_Jackson,0.4589
ME_York,OR_Umatilla,0.94871
ME_York,OR_Josephine,1.24733
MI_Allegan,UT_Davis,1.09997
MI_Antrim,OR_Jackson,0.68718
MI_Antrim,OR_Umatilla,0.76504
MI_Arenac,WA_Benton,1.81
MI_Arenac,OR_Morrow,1.22186
MI_Arenac,WA_Franklin,1.2521
MI_Arenac,UT_Davis,1.0485
MI_Arenac,WA_Walla Walla,1.20585
MI_Arenac,OR_Umatilla,0.67127
MI_Arenac,OR_Jackson,0.32699
MI_Arenac,UT_Weber,0.54836
MI_Bay,UT_Davis,0.96151
MI_Bay,WA_Benton,1.38405
MI_Bay,OR_Morrow,1.35312
MI_Bay,WA_Walla Walla,1.38241
MI_Bay,WA_Franklin,1.03996
MI_Bay,OR_Umatilla,0.71658
MI_Bay,OR_Jackson,0.01476
MI_Benzie,OR_Jackson,0.94758
MI_Benzie,OR_Umatilla,1.4014
MI_Genesee,UT_Davis,0.99929
MI_Genesee,OR_Jackson,0.44484
MI_Grand Traverse,OR_Jackson,0.50551
MI_Grand Traverse,OR_Umatilla,0.75447
MI_Grand Traverse,UT_Weber,0.8331
MI_Grand Traverse,UT_Davis,1.00443
MI_Grand Traverse,WA_Walla Walla,1.64899
MI_Grand Traverse,OR_Morrow,1.75716
MI_Gratiot,UT_Davis,0.58982
MI_Gratiot,OR_Jackson,0.0929
MI_Gratiot,WA_Walla Walla,0.95303
MI_Gratiot,WA_Benton,1.00999
MI_Ionia,UT_Davis,0.93001
MI_Ionia,OR_Jackson,0.18073
MI_Isabella,UT_Davis,0.42169
MI_Isabella,WA_Benton,1.11343
MI_Isabella,OR_Morrow,1.0535
MI_Isabella,UT_Weber,0.86091
MI_Isabella,WA_Walla Walla,1.21716
MI_Isabella,WA_Franklin,0.9571
MI_Isabella,OR_Jackson,0.09552
MI_Kalkaska,OR_Umatilla,0.6519
MI_Kalkaska,OR_Jackson,0.32017
MI_Kent,UT_Davis,0.75292
MI_Kent,OR_Jackson,0.06889
MI_Kent,WA_Franklin,1.20883
MI_Lapeer,UT_Davis,1.11537
MI_Lapeer,OR_Jackson,0.31073
MI_Leelanau,OR_Jackson,1.08012
MI_Leelanau,OR_Umatilla,1.37827
MI_Livingston,UT_Davis,1.14024
MI_Mason,OR_Jackson,0.91823
MI_Mason,OR_Umatilla,1.3709
MI_Mason,UT_Davis,1.66262
MI_Mason,OH_Ottawa,1.18561
MI_Mecosta,UT_Davis,0.56595
MI_Mecosta,UT_Weber,0.41134
MI_Mecosta,WA_Franklin,1.09966
MI_Mecosta,OR_Jackson,0.3249
MI_Mecosta,WA_Benton,1.45438
MI_Mecosta,WA_Walla Walla,1.54169
MI_Montcalm,WA_Benton,1.81
MI_Montcalm,UT_Davis,0.73742
MI_Montcalm,UT_Weber,0.94393
MI_Montcalm,OR_Jackson,0.15431
MI_Montcalm,WA_Franklin,1.07916
MI_Muskegon,OR_Jackson,0.4725
MI_Muskegon,UT_Davis,1.21277
MI_Muskegon,OR_Morrow,1.17742
MI_Muskegon,WA_Benton,1.50768
MI_Newaygo,WA_Benton,1.82
MI_Newaygo,UT_Davis,0.73821
MI_Newaygo,OR_Jackson,0.3334
MI_Newaygo,UT_Weber,0.62857
MI_Newaygo,OR_Morrow,1.41263
MI_Newaygo,WA_Franklin,1.50231
MI_Oceana,WA_Benton,1.81
MI_Oceana,OR_Jackson,0.33919
MI_Oceana,UT_Davis,1.49279
MI_Oceana,OR_Umatilla,0.94885
MI_Oceana,WA_Walla Walla,1.71614
MI_Oceana,OR_Morrow,1.15516
MI_Otsego,OR_Jackson,0.82252
MI_Otsego,OR_Umatilla,0.82131
MI_Ottawa,UT_Davis,1.24536
MI_Ottawa,OR_Jackson,1.35204
MI_Ottawa,OH_Ottawa,0.48378
MI_Presque Isle,OR_Umatilla,0.96767
MI_Presque Isle,OR_Jackson,0.8535
MI_Saginaw,UT_Davis,0.83142
MI_Saginaw,WA_Benton,1.36529
MI_Saginaw,OR_Jackson,0.20639
MI_Saginaw,OR_Morrow,1.35905
MI_Tuscola,WA_Walla Walla,1.84
MI_Tuscola,UT_Davis,1.06391
MI_Tuscola,WA_Benton,1.71993
MI_Tuscola,OR_Morrow,1.4031
MI_Tuscola,WA_Franklin,1.61509
MI_Tuscola,OR_Jackson,0.11228
MI_Tuscola,OR_Umatilla,0.62746
MI_Van Buren,NJ_Monmouth,0.4857
MO_Dunklin,TX_Ellis,1.86
MO_Dunklin,TX_Collin,1.05179
MS_Calhoun,TX_Bell,0.24546
MS_Calhoun,TX_Williamson,0.2076
MS_Chickasaw,TX_Bell,0.12438
MS_Chickasaw,TX_Williamson,0.26108
MS_Chickasaw,TX_Ellis,0.23423
MS_Greene,TX_Washington,0.87745
MS_Greene,TX_Fayette,0.7297
MS_Greene,TX_Gonzales,0.76155
MS_Greene,TX_Colorado,0.67958
MS_Greene,TX_Wilson,0.92074
MS_Greene,TX_Brazos,1.29205
MS_Lamar,TX_Wilson,0.48014
MS_Lamar,TX_Gonzales,0.56343
MS_Lamar,TX_Atascosa,0.40578
MS_Lamar,TX_Frio,0.49566
MS_Lamar,TX_Fayette,0.54026
MS_Lamar,TX_Lavaca,0.38638
MS_Lamar,TX_Bexar,0.43748
MS_Lamar,TX_Washington,0.48851
MS_Wayne,TX_Washington,0.41457
MS_Wayne,TX_Brazos,0.64067
MS_Wayne,TX_Fayette,0.38945
MS_Wayne,TX_Burleson,0.58714
MS_Wayne,TX_Wilson,0.6702
MS_Wayne,TX_Gonzales,0.39024
MS_Wayne,TX_Madison,0.75868
MS_Webster,TX_Bell,0.29119
MS_Webster,TX_Robertson,0.25391
MS_Webster,TX_Madison,0.29062
MS_Yalobusha,TX_Bell,0.29157
MS_Yalobusha,TX_Williamson,0.22825
MS_Yalobusha,TX_Ellis,0.46608
MT_Broadwater,ID_Ada,0.28954
MT_Broadwater,ID_Payette,0.69436
MT_Broadwater,ID_Gooding,0.64771
MT_Broadwater,ID_Canyon,0.30042
MT_Broadwater,ID_Washington,0.77296
MT_Broadwater,UT_Weber,0.35327
MT_Gallatin,ID_Ada,0.6558
MT_Gallatin,ID_Payette,0.83149
MT_Gallatin,ID_Washington,0.84915
MT_Gallatin,ID_Gooding,0.99145
MT_Gallatin,UT_Weber,0.41216
MT_Gallatin,ID_Canyon,0.86158
MT_Gallatin,OR_Malheur,1.11114
MT_Lake,UT_Davis,1.91
MT_Lake,WA_Franklin,1.94
MT_Lake,WA_Walla Walla,1.89
NC_Bertie,TX_Williamson,0.12646
NC_Bertie,TX_Ellis,0.08219
NC_Bertie,TX_Bell,0.15754
NC_Bladen,TX_Bell,0.04962
NC_Bladen,TX_Williamson,0.01877
NC_Bladen,TX_Robertson,0.03276
NC_Bladen,TX_Milam,0.14661
NC_Bladen,TX_Madison,0.17418
NC_Catawba,TX_Collin,0.06875
NC_Chowan,TX_Williamson,0.16456
NC_Chowan,TX_Bell,0.20586
NC_Chowan,TX_Henderson,0.04531
NC_Chowan,TX_Travis,0.20885
NC_Columbus,TX_Madison,0.07632
NC_Columbus,TX_Bastrop,0.28005
NC_Columbus,TX_Bell,0.02338
NC_Cumberland,TX_Bell,0.0539
NC_Cumberland,TX_Williamson,0.03573
NC_Duplin,TX_Bell,0.14208
NC_Duplin,TX_Williamson,0.08576
NC_Duplin,TX_Travis,0.2042
NC_Edgecombe,TX_Ellis,0.16152
NC_Greene,TX_Williamson,0.19611
NC_Greene,TX_Bell,0.27401
NC_Greene,TX_Travis,0.39197
NC_Halifax,TX_Ellis,0.15785
NC_Harnett,TX_Ellis,0.05362
NC_Hertford,TX_Collin,0.05533
NC_Hertford,TX_Ellis,0.11533
NC_Hyde,TX_Williamson,0.09931
NC_Hyde,TX_Travis,0.03248
NC_Hyde,TX_Milam,0.08061
NC_Johnston,TX_Ellis,0.0776
NC_Lenoir,TX_Williamson,0.11618
NC_Lenoir,TX_Bell,0.25083
NC_Lenoir,TX_Travis,0.18751
NC_Lenoir,TX_Milam,0.33233
NC_Martin,TX_Ellis,0.06013
NC_Martin,TX_Bell,0.09953
NC_Pasquotank,TX_Williamson,0.45551
NC_Pasquotank,TX_Bell,0.59741
NC_Pender,TX_Bastrop,0.16844
NC_Pender,TX_Robertson,0.0287
NC_Pender,TX_Williamson,0.05954
NC_Perquimans,TX_Williamson,0.17721
NC_Perquimans,TX_Bell,0.20086
NC_Pitt,TX_Bell,0.16071
NC_Pitt,TX_Ellis,0.00156
NC_Pitt,TX_Williamson,0.17388
NC_Robeson,TX_Williamson,0.03666
NC_Robeson,TX_Bell,0.04218
NC_Robeson,TX_Milam,0.25805
NC_Rowan,TX_Wise,0.1422
NC_Rowan,TX_Hamilton,0.03716
NC_Sampson,TX_Bell,0.0764
NC_Sampson,TX_Williamson,0.07197
NC_Washington,TX_Williamson,0.10605
NC_Washington,TX_Bell,0.1307
NC_Washington,TX_Henderson,0.03643
NC_Washington,TX_Travis,0.11686
NC_Wayne,TX_Williamson,0.16285
NC_Wayne,TX_Bell,0.22667
NC_Wayne,TX_Ellis,0.02524
NC_Wayne,TX_Travis,0.32655
NC_Wilson,TX_Ellis,0.25184
NC_Wilson,TX_Coryell,0.31845
ND_Kidder,ID_Payette,1.62463
ND_Williams,ID_Canyon,1.81
ND_Williams,ID_Payette,1.00923
NE_Morrill,KS_Grant,0.81798
NH_Hillsborough,UT_Davis,1.09963
NJ_Atlantic,MO_Dunklin,0.19453
NJ_Burlington,MO_Dunklin,0.52005
NJ_Gloucester,CA_Shasta,1.89
NJ_Hunterdon,CA_Shasta,0.95215
NJ_Mercer,CA_Shasta,1.04107
NJ_Monmouth,CA_Shasta,1.2412
NJ_Monmouth,MO_Dunklin,1.16073
NM_Chaves,TX_Midland,0.6503
NM_Chaves,TX_Glasscock,0.41401
NM_Dona Ana,TX_Midland,0.74978
NM_Eddy,TX_Midland,0.28711
NM_Lea,TX_Glasscock,0.26136
NM_Luna,TX_Midland,1.08859
NM_Otero,TX_Midland,0.95602
NM_Roosevelt,TX_Gaines,0.05006
NM_Sierra,TX_Midland,0.7866
NM_Sierra,TX_El Paso,0.19277
NM_Valencia,TX_El Paso,1.8
NM_Valencia,NM_Otero,1.08918
NM_Valencia,NM_Eddy,1.29508
NM_Valencia,TX_Hudspeth,1.36951
NM_Valencia,NM_Luna,0.47174
NM_Valencia,NM_Dona Ana,0.75195
NV_Lyon,NM_Valencia,1.85
NV_Lyon,CO_Otero,1.9
NV_Lyon,NM_San Juan,1.34044
NY_Albany,IL_Madison,0.83167
NY_Cattaraugus,NJ_Mercer,0.86653
NY_Chautauqua,NJ_Salem,0.68933
NY_Chautauqua,NJ_Gloucester,0.83134
NY_Chautauqua,NJ_Burlington,0.67101
NY_Erie,NJ_Salem,0.96628
NY_Erie,NJ_Gloucester,1.07569
NY_Genesee,MD_Caroline,1.65639
NY_Livingston,MD_Caroline,1.86
NY_Monroe,UT_Davis,1.94
NY_Monroe,WA_Walla Walla,1.95
NY_Niagara,NJ_Gloucester,1.61288
NY_Onondaga,NJ_Gloucester,1.07386
NY_Onondaga,NJ_Salem,1.23035
NY_Ontario,NJ_Gloucester,1.69194
NY_Orleans,NJ_Gloucester,1.83
NY_Orleans,UT_Davis,1.94
NY_Orleans,NJ_Salem,1.77635
NY_Oswego,NJ_Salem,0.86955
NY_Tompkins,NJ_Gloucester,1.22851
NY_Tompkins,NJ_Salem,0.89476
NY_Washington,WA_Franklin,1.84
NY_Washington,UT_Davis,1.58505
NY_Wayne,WA_Walla Walla,1.87
NY_Wyoming,NJ_Burlington,1.25158
NY_Yates,NJ_Salem,1.19881
NY_Yates,MD_Caroline,1.34405
OH_Erie,NJ_Salem,0.41563
OH_Erie,NJ_Gloucester,0.47226
OH_Huron,NJ_Salem,0.37645
OH_Ottawa,CA_Shasta,1.97
OH_Ottawa,NJ_Salem,0.67929
OH_Ottawa,NJ_Gloucester,0.75329
OK_Atoka,TX_Bell,0.47028
OK_Atoka,TX_Milam,0.53354
OK_Atoka,TX_Ellis,0.14539
OK_Atoka,TX_Williamson,0.46194
OK_Bryan,TX_Bastrop,0.46114
OK_Bryan,TX_Guadalupe,0.50934
OK_Bryan,TX_Travis,0.44941
OK_Bryan,TX_Caldwell,0.48285
OK_Bryan,TX_Bell,0.58222
OK_Bryan,TX_Milam,0.6092
OK_Bryan,TX_Williamson,0.67913
OK_Carter,TX_Guadalupe,0.65448
OK_Carter,TX_Bastrop,0.6456
OK_Carter,TX_Wilson,0.78457
OK_Carter,TX_Bell,0.39772
OK_Carter,TX_Williamson,0.45617
OK_Carter,TX_Milam,0.51806
OK_Carter,TX_Travis,0.75409
OK_Cherokee,TX_Collin,0.56089
OK_Cherokee,TX_Hunt,0.30624
OK_Cherokee,TX_Grayson,0.26959
OK_Choctaw,TX_Bastrop,0.73543
OK_Choctaw,TX_Bell,0.49012
OK_Choctaw,TX_Guadalupe,0.61493
OK_Choctaw,TX_Brazos,0.68384
OK_Choctaw,TX_Caldwell,0.53529
OK_Choctaw,TX_Milam,0.54237
OK_Coal,TX_Bell,0.54293
OK_Coal,TX_Milam,0.5693
OK_Coal,TX_Ellis,0.2719
OK_Coal,TX_Williamson,0.5317
OK_Coal,TX_Bosque,0.12588
OK_Coal,TX_Travis,0.79897
OK_Creek,TX_Ellis,0.75679
OK_Creek,TX_Collin,0.46345
OK_Creek,TX_Wise,0.51714
OK_Creek,TX_Bosque,0.63558
OK_Garvin,TX_Ellis,0.89984
OK_Garvin,TX_Bell,1.07824
OK_Hughes,TX_Bell,0.92375
OK_Hughes,TX_Ellis,0.62582
OK_Hughes,TX_Milam,1.14301
OK_Jefferson,TX_Bastrop,1.13131
OK_Jefferson,TX_Caldwell,0.98049
OK_Jefferson,TX_Guadalupe,0.86558
OK_Jefferson,TX_Milam,0.87332
OK_Jefferson,TX_Travis,1.04306
OK_Jefferson,TX_Bell,0.73608
OK_Jefferson,TX_Washington,1.10316
OK_Lincoln,TX_Ellis,0.84873
OK_Lincoln,TX_Collin,0.29519
OK_Lincoln,TX_Wise,0.63204
OK_Marshall,TX_Bastrop,0.599
OK_Marshall,TX_Guadalupe,0.59492
OK_Marshall,TX_Bell,0.37942
OK_Marshall,TX_Travis,0.48913
OK_Marshall,TX_Caldwell,0.50435
OK_Marshall,TX_Williamson,0.44057
OK_Marshall,TX_Fayette,0.58521
OK_Muskogee,TX_Ellis,0.81696
OK_Muskogee,TX_Collin,0.17864
OK_Oklahoma,TX_Ellis,0.82678
OK_Oklahoma,TX_Collin,0.32143
OK_Okmulgee,TX_Ellis,0.67696
OK_Okmulgee,TX_Collin,0.23334
OK_Okmulgee,TX_Hunt,0.47502
OK_Okmulgee,TX_Navarro,0.87529
OK_Osage,TX_Clay,0.22602
OK_Osage,TX_Collin,0.83913
OK_Ottawa,TX_Collin,0.99288
OK_Ottawa,TX_Clay,0.42406
OK_Pittsburg,TX_Bell,0.52353
OK_Pittsburg,TX_Ellis,0.39624
OK_Pittsburg,TX_Williamson,0.64641
OK_Pittsburg,TX_Milam,0.84536
OK_Pottawatomie,TX_Ellis,0.82302
OK_Pottawatomie,TX_Bell,1.06217
OK_Rogers,TX_Collin,0.7603
OK_Rogers,TX_Clay,0.1956
OK_Rogers,TX_Wise,0.62252
OK_Seminole,TX_Bell,1.09205
OK_Seminole,TX_Ellis,0.60821
OK_Stephens,TX_Bell,0.89886
OK_Stephens,TX_Williamson,0.94121
OK_Stephens,TX_Milam,1.05298
OK_Stephens,TX_Bosque,0.41309
OK_Stephens,TX_Ellis,0.62677
OK_Tulsa,TX_Collin,0.82512
OK_Tulsa,TX_Clay,0.37098
OK_Tulsa,TX_Ellis,0.92479
OR_Baker,ID_Canyon,0.58941
OR_Baker,ID_Ada,0.37371
OR_Baker,ID_Payette,0.77181
OR_Baker,WA_Adams,0.30952
OR_Baker,ID_Owyhee,0.33629
OR_Baker,OR_Malheur,0.43265
OR_Baker,UT_Weber,0.5836
OR_Baker,WA_Grant,0.67811
OR_Benton,CA_San Benito,1.8
OR_Benton,CA_El Dorado,1.81
OR_Benton,OR_Douglas,1.81
OR_Benton,OR_Multnomah,1.84
OR_Benton,OR_Clackamas,1.86
OR_Benton,CA_Santa Clara,1.37677
OR_Benton,CA_Alameda,1.59223
OR_Benton,CA_Napa,1.61528
OR_Benton,CA_Sonoma,1.72607
OR_Benton,OR_Yamhill,1.4616
OR_Clackamas,CA_Sonoma,1.87
OR_Clackamas,CA_San Benito,1.81
OR_Clackamas,OR_Multnomah,1.9
OR_Clackamas,OR_Douglas,1.85
OR_Clackamas,CA_Santa Clara,1.66141
OR_Clackamas,CA_Alameda,1.67572
OR_Clackamas,CA_Napa,1.33411
OR_Coos,OR_Curry,1.93
OR_Coos,CA_San Mateo,1.93
OR_Coos,CA_Santa Barbara,1.85
OR_Coos,OR_Coos,1.93
OR_Coos,CA_Marin,1.54239
OR_Curry,CA_San Mateo,1.96
OR_Curry,OR_Curry,1.94
OR_Curry,CA_Marin,0.4055
OR_Curry,CA_Santa Barbara,1.12624
OR_Douglas,CA_San Benito,1.81
OR_Douglas,CA_Santa Clara,1.85
OR_Douglas,CA_Contra Costa,1.85
OR_Douglas,OR_Douglas,1.87
OR_Douglas,CA_El Dorado,1.65382
OR_Douglas,CA_Napa,1.30233
OR_Hood River,WA_Lewis,1.81
OR_Hood River,WA_Clark,1.82
OR_Hood River,OR_Douglas,1.8
OR_Hood River,WA_Walla Walla,1.83
OR_Hood River,OR_Josephine,1.70713
OR_Jefferson,ID_Payette,1.81
OR_Jefferson,UT_Davis,0.51539
OR_Jefferson,WA_Benton,0.86981
OR_Jefferson,WA_Franklin,0.19735
OR_Jefferson,ID_Canyon,1.45947
OR_Jefferson,OR_Morrow,0.25686
OR_Jefferson,UT_Weber,0.22333
OR_Jefferson,WA_Walla Walla,0.83327
OR_Jefferson,ID_Ada,0.22658
OR_Josephine,CA_El Dorado,1.83
OR_Josephine,CA_Nevada,1.81
OR_Josephine,CA_Calaveras,1.35564
OR_Josephine,CA_Amador,1.69346
OR_Klamath,UT_Utah,0.36916
OR_Klamath,CO_Mesa,0.36497
OR_Klamath,ID_Canyon,0.3914
OR_Klamath,ID_Ada,0.31287
OR_Klamath,UT_Weber,0.35327
OR_Lane,CA_Napa,1.82
OR_Lane,CA_Santa Clara,1.84
OR_Lane,OR_Yamhill,1.89
OR_Lane,CA_San Benito,1.89
OR_Lane,OR_Douglas,1.87
OR_Lane,CA_Alameda,1.89
OR_Lane,OR_Multnomah,1.87
OR_Lane,OR_Clackamas,1.88
OR_Lane,OR_Polk,1.89
OR_Lane,CA_El Dorado,1.91
OR_Linn,CA_Alameda,1.84
OR_Linn,CA_San Benito,1.85
OR_Linn,CA_El Dorado,1.87
OR_Linn,OR_Douglas,1.85
OR_Linn,CA_Sonoma,1.89
OR_Linn,OR_Multnomah,1.94
OR_Linn,CA_Contra Costa,1.9
OR_Linn,CA_Napa,1.56516
OR_Linn,CA_Santa Clara,1.72007
OR_Malheur,UT_Davis,1.97
OR_Malheur,ID_Payette,1.4698
OR_Malheur,ID_Canyon,1.12272
OR_Malheur,ID_Ada,1.10363
OR_Marion,CA_Sonoma,1.89
OR_Marion,CA_El Dorado,1.83
OR_Marion,OR_Douglas,1.86
OR_Marion,CA_Contra Costa,1.86
OR_Marion,CA_Santa Clara,1.43423
OR_Marion,CA_Napa,1.47979
OR_Marion,CA_Alameda,1.69603
OR_Marion,CA_San Benito,1.77249
OR_Morrow,WA_Walla Walla,1.92
OR_Morrow,WA_Benton,1.95
OR_Morrow,OR_Josephine,1.96
OR_Morrow,UT_Davis,1.87
OR_Morrow,OR_Morrow,1.9
OR_Multnomah,CA_Alameda,1.83
OR_Multnomah,CA_Sonoma,1.82
OR_Multnomah,OR_Douglas,1.84
OR_Multnomah,CA_El Dorado,1.89
OR_Multnomah,CA_Santa Clara,1.61735
OR_Multnomah,CA_Napa,0.93268
OR_Multnomah,CA_San Benito,1.64189
OR_Multnomah,CA_Contra Costa,1.638
OR_Polk,CA_Santa Clara,1.81
OR_Polk,CA_San Benito,1.85
OR_Polk,OR_Douglas,1.85
OR_Polk,CA_Alameda,1.84
OR_Polk,OR_Multnomah,1.91
OR_Polk,OR_Polk,1.85
OR_Polk,CA_El Dorado,1.64006
OR_Polk,CA_Napa,1.6277
OR_Umatilla,WA_Walla Walla,1.99
OR_Umatilla,WA_Benton,1.87
OR_Umatilla,UT_Davis,1.84
OR_Umatilla,OR_Josephine,1.85
OR_Umatilla,OR_Morrow,1.84
OR_Washington,CA_El Dorado,1.83
OR_Washington,CA_Sonoma,1.82
OR_Washington,CA_San Benito,1.84
OR_Washington,OR_Multnomah,1.86
OR_Washington,OR_Polk,1.8
OR_Washington,OR_Yamhill,1.83
OR_Washington,CA_Santa Clara,1.40554
OR_Washington,CA_Alameda,1.56578
OR_Washington,OR_Douglas,1.69299
OR_Yamhill,CA_Santa Clara,1.83
OR_Yamhill,CA_San Benito,1.81
OR_Yamhill,CA_Alameda,1.85
OR_Yamhill,OR_Douglas,1.84
OR_Yamhill,OR_Polk,1.87
OR_Yamhill,CA_Sonoma,1.87
OR_Yamhill,CA_El Dorado,1.66631
OR_Yamhill,CA_Napa,1.53393
PA_Adams,MO_Dunklin,1.16029
PA_Allegheny,MO_Dunklin,0.88668
PA_Berks,CA_Shasta,1.08856
PA_Bucks,CA_Shasta,1.3025
PA_Bucks,MO_Dunklin,1.37476
PA_Cambria,NJ_Salem,0.2424
PA_Chester,CA_Shasta,0.95615
PA_Chester,MO_Dunklin,1.01266
PA_Cumberland,MO_Dunklin,1.85
PA_Cumberland,CA_Shasta,1.63109
PA_Dauphin,CA_Shasta,1.70715
PA_Erie,NJ_Gloucester,0.35187
PA_Erie,NJ_Salem,0.41454
PA_Lancaster,CA_Shasta,1.21876
PA_Lancaster,MO_Dunklin,1.34627
PA_Lebanon,CA_Shasta,1.01559
PA_Lehigh,CA_Shasta,1.53503
PA_York,MO_Dunklin,1.20465
PA_York,CA_Shasta,1.53746
RI_Newport,NJ_Gloucester,1.32997
RI_Newport,NJ_Salem,1.40978
SC_Aiken,TX_Bastrop,0.16651
SC_Aiken,TX_Washington,0.29345
SC_Aiken,TX_Burleson,0.19995
SC_Aiken,TX_Brazos,0.31836
SC_Bamberg,TX_Guadalupe,0.12362
SC_Bamberg,TX_Bexar,0.13638
SC_Bamberg,TX_Wilson,0.22437
SC_Bamberg,TX_Fayette,0.17214
SC_Bamberg,TX_Gonzales,0.18341
SC_Bamberg,TX_Caldwell,0.15498
SC_Bamberg,TX_Frio,0.25205
SC_Barnwell,TX_Guadalupe,0.17658
SC_Barnwell,TX_Bastrop,0.25811
SC_Barnwell,TX_Fayette,0.26999
SC_Barnwell,TX_Caldwell,0.24177
SC_Barnwell,TX_Washington,0.29549
SC_Barnwell,TX_Gonzales,0.14033
SC_Barnwell,TX_Burleson,0.35033
SC_Beaufort,TX_Atascosa,0.14186
SC_Beaufort,TX_Bexar,0.10293
SC_Beaufort,TX_Wilson,0.16063
SC_Beaufort,TX_Zavala,0.2644
SC_Beaufort,TX_Maverick,0.40348
SC_Beaufort,TX_Frio,0.21198
SC_Clarendon,TX_Bastrop,0.19265
SC_Clarendon,TX_Guadalupe,0.10779
SC_Clarendon,TX_Caldwell,0.1156
SC_Clarendon,TX_Washington,0.28195
SC_Clarendon,TX_Travis,0.18574
SC_Clarendon,TX_Madison,0.19711
SC_Clarendon,TX_Milam,0.2562
SC_Clarendon,TX_Fayette,0.45696
SC_Lexington,TX_Travis,0.07508
SC_Lexington,TX_Milam,0.11082
SC_Lexington,TX_Bastrop,0.13151
SC_Lexington,TX_Burleson,0.06971
SC_Lexington,TX_Caldwell,0.07448
SC_Lexington,TX_Williamson,0.17716
SC_Orangeburg,TX_Guadalupe,0.13487
SC_Orangeburg,TX_Bastrop,0.13765
SC_Orangeburg,TX_Fayette,0.19197
SC_Orangeburg,TX_Gonzales,0.1207
SC_Orangeburg,TX_Washington,0.18404
SC_Orangeburg,TX_Caldwell,0.19645
SC_Orangeburg,TX_Wilson,0.27648
SC_Orangeburg,TX_Frio,0.41159
SC_Saluda,TX_Bell,0.09188
SC_Saluda,TX_Bosque,0.33092
SC_Spartanburg,TX_Parker,0.04233
SC_Spartanburg,TX_Bosque,0.11216
SC_Spartanburg,TX_Palo Pinto,0.14835
SC_Sumter,TX_Travis,0.04264
SC_Sumter,TX_Milam,0.0852
SC_Sumter,TX_Bastrop,0.09223
SC_Sumter,TX_Caldwell,0.04136
SC_Sumter,TX_Guadalupe,0.06598
SC_Williamsburg,TX_Bastrop,0.37195
SC_Williamsburg,TX_Milam,0.26157
SC_Williamsburg,TX_Travis,0.25318
SC_Williamsburg,TX_Burleson,0.26839
SC_Williamsburg,TX_Washington,0.32387
SC_Williamsburg,TX_Caldwell,0.19456
SC_Williamsburg,TX_Fayette,0.41792
SC_Williamsburg,TX_Guadalupe,0.49632
TN_Bledsoe,AR_Jefferson,0.01273
TN_Cocke,TX_Cooke,0.10144
TN_Cocke,OK_Carter,0.10234
TN_Dyer,TX_Collin,0.95812
TN_Dyer,TX_Ellis,1.8
TN_Dyer,TX_Grayson,0.61936
TX_Austin,AZ_Yuma,1.0926
TX_Austin,AZ_Maricopa,1.33697
TX_Austin,TX_Maverick,0.62912
TX_Austin,CA_Imperial,1.10112
TX_Bastrop,TX_Maverick,0.82668
TX_Bastrop,AZ_Yuma,1.48565
TX_Bell,TX_Maverick,0.80123
TX_Bell,TX_Frio,0.59477
TX_Bell,TX_Atascosa,0.64461
TX_Bell,TX_Zavala,0.82935
TX_Bexar,TX_Maverick,1.81
TX_Bexar,AZ_Yuma,1.95
TX_Bosque,TX_Frio,0.83853
TX_Bosque,TX_Maverick,0.85076
TX_Bosque,TX_Wilson,0.57403
TX_Bosque,TX_Atascosa,0.73048
TX_Bowie,TX_Fayette,0.75215
TX_Bowie,TX_Bastrop,0.78844
TX_Bowie,TX_Wilson,0.73916
TX_Bowie,TX_Brazos,0.87683
TX_Bowie,TX_Guadalupe,0.60059
TX_Bowie,TX_Burleson,0.90152
TX_Bowie,TX_Gonzales,0.96153
TX_Bowie,TX_Washington,0.96383
TX_Bowie,TX_Atascosa,1.02785
TX_Brazoria,TX_Hidalgo,0.94939
TX_Brazoria,AZ_Yuma,1.27693
TX_Brazos,TX_Maverick,1.32596
TX_Brown,TX_Frio,0.44005
TX_Brown,TX_Atascosa,0.49099
TX_Brown,TX_Wilson,0.43323
TX_Brown,TX_Bastrop,0.46325
TX_Brown,TX_Zavala,0.5613
TX_Brown,TX_Guadalupe,0.31889
TX_Brown,TX_Travis,0.3581
TX_Brown,TX_Bexar,0.50988
TX_Burleson,TX_Maverick,1.12887
TX_Caldwell,TX_Maverick,1.16606
TX_Clay,TX_Bastrop,1.20556
TX_Clay,TX_Guadalupe,1.18738
TX_Clay,TX_Fayette,1.30257
TX_Clay,TX_Bell,0.81887
TX_Clay,TX_Washington,1.25196
TX_Collin,TX_Frio,0.67132
TX_Collin,TX_Atascosa,0.63846
TX_Collin,TX_Wilson,0.58912
TX_Collin,TX_Bastrop,0.64473
TX_Collin,TX_Zavala,0.56679
TX_Collin,TX_Fayette,0.84559
TX_Collin,TX_Milam,0.39167
TX_Collin,TX_Travis,0.43472
TX_Collin,TX_Maverick,0.66839
TX_Colorado,TX_Maverick,1.04054
TX_Comanche,TX_Frio,0.49564
TX_Comanche,TX_Wilson,0.46357
TX_Comanche,TX_Fayette,0.79999
TX_Comanche,TX_Atascosa,0.56359
TX_Comanche,TX_Bexar,0.56744
TX_Comanche,TX_Bastrop,0.35397
TX_Comanche,TX_Guadalupe,0.39322
TX_Comanche,TX_Washington,0.84813
TX_Cooke,TX_Bastrop,0.58922
TX_Cooke,TX_Fayette,0.56048
TX_Cooke,TX_Guadalupe,0.56806
TX_Cooke,TX_Gonzales,0.53796
TX_Cooke,TX_Bell,0.60461
TX_Cooke,TX_Washington,0.68611
TX_Cooke,TX_Williamson,0.40997
TX_Cooke,TX_Robertson,0.45365
TX_Coryell,TX_Maverick,0.50264
TX_Coryell,TX_Frio,0.51169
TX_Coryell,TX_Atascosa,0.40023
TX_Coryell,TX_Wilson,0.33533
TX_Eastland,TX_Wilson,0.46648
TX_Eastland,TX_Frio,0.48076
TX_Eastland,TX_Bastrop,0.56726
TX_Eastland,TX_Bexar,0.48438
TX_Eastland,TX_Atascosa,0.57849
TX_Eastland,TX_Fayette,0.65243
TX_Eastland,TX_Milam,0.32903
TX_Eastland,TX_Travis,0.37799
TX_El Paso,AZ_Pinal,1.34809
TX_El Paso,TX_Zavala,1.71152
TX_El Paso,TX_Maverick,1.76696
TX_Ellis,TX_Maverick,0.71007
TX_Ellis,TX_Frio,0.75572
TX_Ellis,TX_Atascosa,0.58389
TX_Ellis,TX_Wilson,0.45592
TX_Erath,TX_Frio,0.51756
TX_Erath,TX_Atascosa,0.58995
TX_Erath,TX_Wilson,0.52305
TX_Erath,TX_Fayette,0.84264
TX_Erath,TX_Bastrop,0.47199
TX_Erath,TX_Guadalupe,0.31957
TX_Erath,TX_Bexar,0.57849
TX_Fannin,TX_Bastrop,0.53999
TX_Fannin,TX_Bell,0.25972
TX_Fannin,TX_Milam,0.62562
TX_Fannin,TX_Guadalupe,0.50192
TX_Fannin,TX_Williamson,0.39743
TX_Fannin,TX_Fayette,0.77265
TX_Fayette,TX_Maverick,1.00534
TX_Fayette,AZ_Yuma,1.54457
TX_Fayette,CA_Imperial,1.77343
TX_Fort Bend,AZ_Yuma,1.30046
TX_Fort Bend,CA_Imperial,1.30967
TX_Fort Bend,AZ_Maricopa,1.64074
TX_Frio,AZ_Yuma,1.93
TX_Frio,CA_Imperial,2
TX_Gaines,TX_Bell,0.85247
TX_Gaines,TX_Milam,0.97261
TX_Gaines,TX_Williamson,0.94462
TX_Gaines,TX_Bosque,0.5324
TX_Gillespie,TX_Frio,0.32183
TX_Gillespie,TX_Maverick,0.32593
TX_Gillespie,TX_Atascosa,0.28953
TX_Gillespie,TX_Wilson,0.2195
TX_Glasscock,TX_Milam,0.85501
TX_Glasscock,TX_Travis,0.78712
TX_Glasscock,TX_Frio,0.80753
TX_Glasscock,TX_Zavala,0.95696
TX_Glasscock,TX_Uvalde,0.59602
TX_Glasscock,TX_Bastrop,0.7929
TX_Glasscock,TX_Maverick,1.02682
TX_Glasscock,TX_Bell,1.18635
TX_Glasscock,TX_Atascosa,1.10181
TX_Gonzales,CA_Imperial,1.81
TX_Gonzales,TX_Maverick,1.21714
TX_Gonzales,AZ_Yuma,1.76909
TX_Grayson,TX_Travis,0.62886
TX_Grayson,TX_Bastrop,0.65567
TX_Grayson,TX_Bell,0.4671
TX_Grayson,TX_Wilson,0.54143
TX_Grayson,TX_Milam,0.67642
TX_Grayson,TX_Williamson,0.40619
TX_Grayson,TX_Guadalupe,0.68646
TX_Grayson,TX_Frio,0.71465
TX_Guadalupe,TX_Maverick,1.42532
TX_Hamilton,TX_Frio,0.5788
TX_Hamilton,TX_Maverick,0.63862
TX_Hamilton,TX_Atascosa,0.5231
TX_Hamilton,TX_Wilson,0.62679
TX_Hamilton,TX_Fayette,0.62889
TX_Hamilton,TX_Bastrop,0.15058
TX_Hamilton,TX_Zavala,0.59445
TX_Henderson,TX_Frio,0.61042
TX_Henderson,TX_Maverick,0.66722
TX_Henderson,TX_Atascosa,0.46322
TX_Henderson,TX_Wilson,0.62204
TX_Henderson,TX_Fayette,0.32218
TX_Hudspeth,TX_Midland,1.65046
TX_Hunt,TX_Fayette,0.70045
TX_Hunt,TX_Wilson,0.6939
TX_Hunt,TX_Bastrop,0.7793
TX_Hunt,TX_Brazos,0.79353
TX_Hunt,TX_Washington,0.86487
TX_Hunt,TX_Guadalupe,0.69204
TX_Hunt,TX_Gonzales,0.71245
TX_Lamar,TX_Guadalupe,0.71525
TX_Lamar,TX_Bastrop,0.78146
TX_Lamar,TX_Fayette,0.72064
TX_Lamar,TX_Caldwell,0.77577
TX_Lamar,TX_Bell,0.34476
TX_Lamar,TX_Brazos,0.75433
TX_Lampasas,TX_Maverick,0.45781
TX_Lampasas,TX_Frio,0.53155
TX_Lampasas,TX_Wilson,0.23503
TX_Lampasas,TX_Atascosa,0.38688
TX_Lavaca,AZ_Yuma,1.82
TX_Lavaca,CA_Imperial,1.81
TX_Lavaca,TX_Maverick,1.41301
TX_Lee,TX_Maverick,1.0403
TX_Lubbock,TX_Palo Pinto,0.43446
TX_Madison,TX_Maverick,1.11314
TX_Madison,TX_Atascosa,1.18895
TX_Madison,TX_Frio,0.52899
TX_Matagorda,CA_Imperial,1.81
TX_Matagorda,AZ_Yuma,1.81
TX_Matagorda,TX_Hidalgo,1.14332
TX_Medina,AZ_Yuma,1.85
TX_Medina,CA_Imperial,1.84
TX_Midland,TX_Frio,0.74879
TX_Midland,TX_Maverick,0.78864
TX_Midland,TX_Zavala,0.83854
TX_Midland,TX_Uvalde,0.75828
TX_Midland,TX_Milam,1.33289
TX_Midland,TX_Travis,1.09496
TX_Milam,TX_Maverick,1.43435
TX_Montague,TX_Fayette,0.65543
TX_Montague,TX_Bell,0.42759
TX_Montague,TX_Gonzales,0.68821
TX_Montague,TX_Wilson,0.57322
TX_Montague,TX_Bastrop,0.70489
TX_Montague,TX_Milam,0.44005
TX_Montague,TX_Williamson,0.45002
TX_Navarro,TX_Maverick,0.46957
TX_Navarro,TX_Frio,0.48668
TX_Navarro,TX_Zavala,0.39793
TX_Navarro,TX_Atascosa,0.25572
TX_Navarro,TX_Wilson,0.38034
TX_Palo Pinto,TX_Frio,1.04184
TX_Palo Pinto,TX_Maverick,1.04878
TX_Palo Pinto,TX_Atascosa,0.97262
TX_Palo Pinto,TX_Fayette,1.10004
TX_Palo Pinto,TX_Bastrop,0.90692
TX_Palo Pinto,TX_Wilson,1.17909
TX_Palo Pinto,TX_Washington,1.24964
TX_Palo Pinto,TX_Brazos,1.28371
TX_Parker,TX_Atascosa,0.8296
TX_Parker,TX_Frio,0.83549
TX_Parker,TX_Wilson,0.73991
TX_Parker,TX_Fayette,0.86922
TX_Parker,TX_Maverick,0.5753
TX_Parker,TX_Bastrop,0.47336
TX_Parker,TX_Burleson,0.53133
TX_Parker,TX_Gonzales,0.86655
TX_Parker,TX_Washington,0.90858
TX_Pecos,TX_Frio,0.25191
TX_Pecos,TX_Zavala,0.30345
TX_Pecos,TX_Uvalde,0.40071
TX_Pecos,TX_Maverick,0.27584
TX_Pecos,TX_Medina,0.75902
TX_Pecos,TX_Atascosa,0.35628
TX_Red River,TX_Washington,0.9266
TX_Red River,TX_Fayette,0.9114
TX_Red River,TX_Madison,0.47162
TX_Red River,TX_Bastrop,0.78559
TX_Red River,TX_Brazos,0.83792
TX_Red River,TX_Burleson,0.88571
TX_Red River,TX_Gonzales,0.96599
TX_Robertson,TX_Maverick,1.29642
TX_San Saba,TX_Frio,0.79455
TX_San Saba,TX_Maverick,0.51259
TX_San Saba,TX_Wilson,0.39908
TX_Smith,TX_Atascosa,0.62806
TX_Smith,TX_Fayette,0.79036
TX_Smith,TX_Wilson,0.53374
TX_Smith,TX_Gonzales,0.72851
TX_Smith,TX_Frio,0.70782
TX_Smith,TX_Maverick,0.78241
TX_Smith,TX_Washington,0.64464
TX_Terry,TX_Bosque,0.49068
TX_Travis,TX_Maverick,1.16046
TX_Uvalde,CA_Imperial,1.82
TX_Uvalde,AZ_Yuma,1.83
TX_Van Zandt,TX_Brazos,0.71764
TX_Van Zandt,TX_Fayette,0.72303
TX_Van Zandt,TX_Washington,0.76338
TX_Van Zandt,TX_Gonzales,0.77616
TX_Van Zandt,TX_Wilson,0.77916
TX_Van Zandt,TX_Bastrop,0.6737
TX_Van Zandt,TX_Burleson,0.83797
TX_Van Zandt,TX_Atascosa,0.93156
TX_Waller,TX_Maverick,0.65897
TX_Waller,AZ_Yuma,1.08163
TX_Waller,CA_Imperial,1.18657
TX_Washington,TX_Maverick,0.81853
TX_Washington,AZ_Yuma,1.14153
TX_Washington,AZ_Maricopa,1.23728
TX_Wharton,AZ_Yuma,1.42837
TX_Wharton,CA_Imperial,1.47356
TX_Williamson,TX_Maverick,0.86365
TX_Williamson,TX_Zavala,0.65288
TX_Williamson,TX_Atascosa,0.78
TX_Wilson,AZ_Yuma,1.91
TX_Wilson,CA_Imperial,1.92
TX_Wise,TX_Frio,0.79717
TX_Wise,TX_Atascosa,0.81347
TX_Wise,TX_Wilson,0.77556
TX_Wise,TX_Maverick,0.51634
TX_Wise,TX_Fayette,0.95417
TX_Wise,TX_Bastrop,0.52461
TX_Wise,TX_Milam,0.61379
TX_Wise,TX_Washington,1.01412
TX_Wood,TX_Brazos,0.68479
TX_Wood,TX_Guadalupe,0.53833
TX_Wood,TX_Fayette,0.5512
TX_Wood,TX_Bastrop,0.55865
TX_Wood,TX_Milam,0.11493
TX_Wood,TX_Wilson,0.59782
TX_Wood,TX_Gonzales,0.65206
TX_Wood,TX_Washington,0.73152
TX_Wood,TX_Atascosa,0.82349
TX_Zavala,CA_Imperial,1.96
TX_Zavala,AZ_Yuma,1.98
UT_Box Elder,ID_Payette,1.87
UT_Box Elder,UT_Davis,1.91
UT_Box Elder,UT_Weber,1.81
UT_Box Elder,ID_Canyon,1.77342
UT_Davis,UT_Davis,1.99
UT_Utah,UT_Davis,1.91
UT_Utah,ID_Payette,1.89
UT_Utah,ID_Canyon,1.89
UT_Weber,UT_Davis,1.96
UT_Weber,UT_Weber,1.95
VA_Albemarle,OK_Bryan,0.21053
VA_Fauquier,OK_Muskogee,0.482
VA_Fauquier,OK_Marshall,0.6715
VA_Fauquier,OK_Bryan,0.75972
VA_Hanover,OK_Carter,0.07691
VA_Hanover,OK_Marshall,0.20387
VA_Hanover,TX_Grayson,0.07302
VA_Hanover,OK_Bryan,0.0719
VA_Nelson,OK_Coal,0
VA_Rockingham,OK_Rogers,0.1571
VA_Westmoreland,AR_Jefferson,0.91205
VA_Westmoreland,TX_Collin,1.42016
VA_Westmoreland,TX_Ellis,1.5753
VT_Addison,WA_Franklin,1.82
VT_Addison,UT_Davis,1.18375
VT_Addison,OR_Morrow,1.54444
WA_Adams,UT_Davis,1.94
WA_Adams,WA_Walla Walla,1.97
WA_Adams,WA_Benton,2
WA_Benton,WA_Walla Walla,1.95
WA_Benton,WA_Benton,1.98
WA_Benton,UT_Davis,1.88
WA_Benton,OR_Josephine,1.96
WA_Chelan,OR_Morrow,1.81
WA_Chelan,WA_Franklin,1.33852
WA_Chelan,UT_Davis,1.60407
WA_Chelan,WA_Walla Walla,1.2253
WA_Chelan,WA_Benton,1.69138
WA_Clark,CA_Alameda,1.9
WA_Clark,CA_El Dorado,1.93
WA_Clark,CA_Santa Clara,1.86
WA_Clark,CA_San Benito,1.99
WA_Clark,OR_Clackamas,1.81
WA_Clark,OR_Douglas,1.48488
WA_Clark,OR_Yamhill,1.55786
WA_Clark,OR_Multnomah,1.68573
WA_Clark,OR_Polk,1.60098
WA_Clark,OR_Linn,1.69135
WA_Cowlitz,OR_Yamhill,1.83
WA_Cowlitz,CA_Sonoma,1.83
WA_Cowlitz,OR_Douglas,1.83
WA_Cowlitz,OR_Multnomah,1.20534
WA_Cowlitz,OR_Clackamas,1.16778
WA_Cowlitz,OR_Marion,0.76154
WA_Cowlitz,OR_Linn,0.65567
WA_Cowlitz,OR_Benton,0.6773
WA_Cowlitz,OR_Polk,1.66996
WA_Franklin,WA_Walla Walla,1.89
WA_Franklin,WA_Benton,1.93
WA_Franklin,UT_Davis,1.96
WA_Franklin,OR_Josephine,1.92
WA_Grant,UT_Davis,1.99
WA_Grant,WA_Walla Walla,2
WA_Grant,OR_Morrow,1.97
WA_Grant,WA_Franklin,1.98
WA_Grays Harbor,OR_Multnomah,1.83
WA_Grays Harbor,OR_Clackamas,1.82
WA_Grays Harbor,OR_Marion,1.85
WA_Grays Harbor,OR_Linn,1.85
WA_Grays Harbor,CA_Sonoma,1.99
WA_King,OR_Multnomah,1.84
WA_King,OR_Clackamas,1.85
WA_King,OR_Marion,1.93
WA_King,WA_Grays Harbor,1.83
WA_King,OR_Linn,1.96
WA_King,OR_Lane,1.96
WA_Kittitas,UT_Davis,0.76763
WA_Kittitas,WA_Franklin,0.80888
WA_Kittitas,WA_Adams,0.37599
WA_Kittitas,ID_Canyon,1.63503
WA_Kittitas,WA_Walla Walla,0.78287
WA_Kittitas,WA_Benton,0.8302
WA_Kittitas,WA_Grant,0.25287
WA_Lewis,CA_Sonoma,1.88
WA_Lewis,CA_Alameda,1.89
WA_Lewis,CA_Santa Clara,1.88
WA_Lewis,CA_El Dorado,1.93
WA_Lewis,OR_Clackamas,1.19589
WA_Lewis,OR_Multnomah,1.4881
WA_Lewis,OR_Yamhill,0.86677
WA_Lewis,OR_Marion,0.90307
WA_Lewis,OR_Linn,0.69775
WA_Lincoln,UT_Davis,1.96
WA_Lincoln,WA_Walla Walla,1.91
WA_Lincoln,WA_Benton,1.96
WA_Lincoln,OR_Morrow,1.9
WA_Lincoln,WA_Franklin,1.71538
WA_Okanogan,UT_Davis,1.81
WA_Okanogan,WA_Walla Walla,1.8
WA_Okanogan,WA_Benton,1.84
WA_Okanogan,ID_Canyon,1.99
WA_Okanogan,WA_Franklin,1.59581
WA_Okanogan,OR_Morrow,1.79696
WA_Okanogan,WA_Adams,0.91542
WA_Okanogan,WA_Grant,1.02101
WA_Pacific,OR_Coos,1.89
WA_Pacific,OR_Multnomah,1.94
WA_Pacific,OR_Clackamas,1.88
WA_Pacific,OR_Curry,1.50579
WA_Pacific,WA_Grays Harbor,1.5968
WA_Pacific,WA_Cowlitz,1.46135
WA_Pierce,OR_Linn,1.8
WA_Pierce,OR_Multnomah,1.19208
WA_Pierce,OR_Clackamas,1.22084
WA_Pierce,WA_Snohomish,0.7697
WA_Pierce,WA_Grays Harbor,0.80672
WA_Pierce,WA_King,0.83836
WA_Pierce,WA_Whatcom,0.78039
WA_Pierce,OR_Marion,1.7091
WA_Pierce,OR_Lane,1.7708
WA_Skagit,OR_Curry,1.95
WA_Skagit,WA_Skagit,1.84
WA_Spokane,WA_Walla Walla,1.94
WA_Walla Walla,WA_Walla Walla,1.95
WA_Walla Walla,WA_Benton,1.97
WA_Walla Walla,UT_Davis,1.9
WA_Walla Walla,OR_Josephine,1.96
WA_Walla Walla,CA_Calaveras,1.99
WA_Whatcom,OR_Multnomah,1.95
WA_Whatcom,OR_Clackamas,1.94
WA_Whatcom,WA_Snohomish,1.88
WA_Whatcom,WA_Whatcom,1.89
WA_Whatcom,WA_King,1.89
WA_Whatcom,WA_Grays Harbor,1.9
WA_Whatcom,OR_Marion,1.96
WA_Yakima,UT_Davis,1.74234
WA_Yakima,WA_Benton,1.32713
WA_Yakima,WA_Walla Walla,1.51257
WA_Yakima,OR_Morrow,1.61387
WA_Yakima,WA_Franklin,0.93675
WI_Calumet,UT_Davis,0.80644
WI_Calumet,OR_Jackson,0.51433
WI_Calumet,UT_Weber,0.87472
WI_Calumet,OR_Umatilla,0.9257
WI_Columbia,OR_Jackson,0.46297
WI_Dodge,OR_Jackson,0.20625
WI_Door,OR_Jackson,1.03503
WI_Door,OR_Umatilla,1.40808
WI_Door,NJ_Salem,1.64615
WI_Green Lake,OR_Jackson,0.25829
WI_Green Lake,UT_Davis,0.99737
WI_Jefferson,UT_Davis,0.61909
WI_Kenosha,OR_Jackson,0.23738
WI_Kewaunee,OR_Jackson,0.84154
WI_Kewaunee,OR_Umatilla,1.57526
WI_Manitowoc,OR_Jackson,0.79618
WI_Manitowoc,UT_Davis,1.39402
WI_Manitowoc,OH_Erie,0.69153
WI_Manitowoc,WA_Walla Walla,1.64483
WI_Marathon,OR_Jackson,0.89152
WI_Marathon,UT_Davis,1.24121
WI_Marinette,UT_Weber,0.66245
WI_Marinette,OR_Jackson,1.05444
WI_Marinette,UT_Davis,0.97835
WI_Marquette,OR_Jackson,0.40122
WI_Oconto,UT_Weber,0.74504
WI_Oconto,OR_Jackson,0.79956
WI_Oconto,UT_Davis,1.09311
WI_Outagamie,OR_Jackson,0.31709
WI_Outagamie,UT_Davis,0.78371
WI_Outagamie,UT_Weber,0.89741
WI_Portage,UT_Davis,1.19127
WI_Portage,UT_Weber,0.80652
WI_Racine,OR_Jackson,0.19334
WI_Sheboygan,OR_Jackson,0.5699
WI_Sheboygan,UT_Davis,1.14488
WI_Sheboygan,OR_Josephine,1.43788
WI_Washington,UT_Davis,0.87628
WI_Washington,OR_Jackson,0.28371
WI_Waupaca,UT_Davis,0.81695
WI_Waupaca,OR_Jackson,0.34562
WI_Waushara,OR_Jackson,0.19484
WI_Waushara,UT_Davis,0.83594
WV_Berkeley,MO_Dunklin,0.90916
